website,ranking
toddlerbowls.com,13911671
g2gadget.com,13911636
lapermata.com,13911529
bourbontrends.com,13911526
foreverlighters.com,13911488
akantree.com,13911426
newskinboutique.com,13911406
pulsarlight.store,13911405
kunuus.de,13911400
scentfluent.com,13911048
safemasktm.com,13911044
waistfixr.store,13911029
erngsco.com,13910966
brileeth.com,13910933
crissbellini.com,13910872
nlmjewellery.co.uk,13910864
atomicbeautylondon.com,13910863
purc-conditioner.com,13910823
denmatch.com,13910821
gemztechs.com,13910768
unboreddesk.com,13910739
thecloudcushion.net,13910637
fitnessgummy.com,13910593
haykudeals.com,13910517
ohmycollection.com,13910498
mirajulnuntii.com,13910439
fluffyking.co,13910434
blkiced.com,13910431
shopspicygirl.com,13910368
thematchamask.com,13910252
healthylifegate.com,13910179
firsthealthapparel.com,13910163
nutringo.com,13910126
rizont.com,13910100
svens.is,13910080
pelimka.com,13910063
leadprojector.com,13910045
acusagewellness.com,13910041
decoreino.es,13910029
petit-amadeus.com,13910022
fizzhairshop.fr,13910020
anastasabeverlyhills.com,13909962
buyitm.com,13909942
thegoodiesstore.com,13909662
daniakof.fr,13909546
meery-store.com,13909512
jesscollettmilliner.com,13909362
bebeandboo.com,13909336
queerture.com,13909323
sinnerswimwear.com,13909150
glenmoragoods.com,13909142
mall327.com,13908835
nurogalaxy.com,13908773
nahnox.com,13908698
unatty.com,13908283
jresium.com,13908170
backstretcherofficial.com,13908023
petprague.com,13908014
buffalogirl.com.au,13908006
colourdecor.com.au,13907840
minihype.com,13907723
thepromassage.com,13907616
trisparkle.com,13907507
tentree.co.uk,13907432
superborne.com,13907391
your-salebox.com,13907358
happyliferazor.com,13907344
dermarayco.com,13907299
dynamictech.org,13907289
leannhealthy.com,13907175
ultra-wit.com,13907083
hupdogs.com,13907039
cronierbarber.com,13906740
meloplay.com,13906682
luminzleds.com,13906648
revofitco.com,13906586
pickitfence.ca,13906527
thetrendyexperience.com,13906501
wixeshop.com,13906497
dilarux.com,13906473
petsupplies.vip,13906447
xstand.nl,13906421
sekber.com,13906399
skyprojector.pl,13906371
yogasportwear.com,13906355
venlostore.com,13906352
scessoires.com,13906277
easyplucker.com,13906268
shoppingperksph.com,13906257
woofmartco.com,13906193
fancy-bags.com,13906144
cannagirlsmoke.com,13906045
vermaxshop.com,13905985
apolyte.com,13905983
dynetic.nl,13905982
lojamodernus.com,13905979
ishoose.fr,13905910
wiivoo.com,13905908
bestneed.eu,13905833
massivecart.com,13905780
vitrinecomercial.com,13905767
ldmegastore.com.br,13905764
splootz.com,13905763
hryki.com,13905758
motomize.com,13905716
simpliperfect.com,13905680
unavoplace.com,13905650
scratchcolour.com,13905568
homeflexfitness.com,13905546
mosquitokillermaster.com,13905414
keepwarming.com,13905351
thepopuppartyco.com.au,13905312
mysweetdreams.co,13905247
sneakedstore.com,13905200
homegymone.com,13905137
wishfactory.co.za,13905136
thegoatstand.com,13905130
ugears.de,13905126
ninasharae.com,13905037
extracrave.com,13905033
grandinspire.com,13905032
lunasessentials.com,13905013
thebamboostore.online,13904953
by-pt.com,13904905
figgywow.com,13904741
aegisintelligent.com,13904646
thickyogamats.com,13904588
petshoptime.com,13904552
healthy-yoga.com,13904550
ezhmw.com,13904495
gymflowhome.de,13904491
gymmingfromhome.com,13904432
kn95protectionmask.com,13904427
theaxioncompany.com,13904401
homegymgadgets.com,13904386
medicta.us,13904181
rossoo.com,13903980
strykerwear.com,13903953
dyeyoung.com,13903849
wecareful.com,13903835
jumla.us,13903721
trapwoodzworldwide.com,13903544
chiquetosabolsas.com,13903441
fit-shape.nl,13903336
imperion.fr,13903329
saleoutletonline.com,13903321
sheasageandsalt.com,13903318
fixertape.nl,13903290
unbotheredcollection.com,13903246
partiibus.com,13903005
blissino.com,13903003
woodandwaxco.com,13902864
cyclistking.com,13902774
bigloot.co.in,13902704
zoniauvlights.com,13902667
indigomarkt.nl,13902623
pawanddisorder.com,13902576
markstvwear.com,13902472
hdfunda.com,13902428
greensclps.com,13902415
fittiming.com,13902414
hottechily.com,13902412
besteasale.com,13902410
starryprojector.com,13902407
nolieman.com,13902381
lendpuppy.com,13902255
kicloudy.com,13902249
mybabysumo.com,13902173
seekfind-fitness.com,13902163
literalia.mx,13902117
thetimewise.com,13902097
elevatehairfibers.com,13902094
gosleepaddict.com,13902093
laserstarprojector.com,13902078
snuzzzy.com,13901986
yamaguchinyc.com,13901985
dope-gadget.com,13901982
thesanitizebox.com,13901927
isopulley.com,13901874
northtrendy.com,13901845
tribodabeleza.com.br,13901820
giftshy.com,13901817
poweryou.nl,13901812
vadeshop.nl,13901783
probleemoplossend.nl,13901781
plane-speak.com,13901775
rhinomates.com,13901774
offgard.com,13901648
gleamgalore.com,13901613
dairry.com,13901398
klexbeauty.com,13901395
adunnihairstudio.com,13901307
myhairgold.com,13901298
mrfade.co.uk,13901271
www.edwindatocgallery.com,13901267
raderz.com,13901258
reginestores.com,13901223
crushes.co.nz,13901201
letitbeecandles.com,13901193
thelabelofficial.com,13901170
screentech-fr.com,13901154
aeero.co,13901035
activintimates.com,13901032
coolafricanmerch.com,13900985
lmkee.com,13900982
plumazen.com,13900961
comprasegura-ssl.com,13900944
rollern.se,13900881
presetsh.com,13900847
armsofeve.com,13900781
envirogrip.com,13900723
zeuslegacylife.com,13900711
minination.com,13900684
mrcharger.nl,13900601
inspicanvas.com,13900480
youpi-malin.com,13900390
librairieboutiquevenus.com,13900362
middleeastbooks.com,13900253
iptv4usa.com,13900183
wearelitgr.com,13900064
photographers-books.com,13899664
printmatters.ch,13899657
xercisebands.com,13899575
epistolaris.com,13899420
joeyellow.com,13899317
oneofonejewels.ca,13899269
neonbite.co,13899120
nebulalightscompany.com,13899044
xealm.co,13898909
doglovers.fun,13898891
winninggadget.co,13898753
babclap.com,13898732
stellaambrose.com,13898731
findsbyjune.com,13898729
talabykyla.com,13898721
anovaphilippines.com,13898707
sunfayer.com,13898591
soufrashopjo.com,13898380
pingpongtime.com,13898379
jogiel.com,13898126
remembook.net,13898125
macelleriacallegari.it,13898123
wattitup.com,13898120
maitresushis.com,13898117
ftx-store.fr,13898116
gearbiance.com,13898106
salebenge.com,13898047
fitnessgang.shop,13898045
frattystyle.com,13898044
thefitnesskiller.com,13898043
